Workbook

Sheet Dashboard
A1: YDG BANAWA — DAILY DASHBOARD
A2: Live summary: enter counts in the other tabs and these totals will update.
A4: METRIC | B4: VALUE | C4: UNIT | E4: QUICK TOTALS
A5: REGULAR MATCHA ORDERS | B5: =SUM(Regular!N5:N11) | C5: orders | E5: Regular Matcha | F5: =B6
A6: REGULAR MATCHA GRAMS | B6: =SUM(Regular!P5:P11) | C6: g | E6: Large Matcha | F6: =B10
A7: REGULAR GREEN TEA ORDERS | B7: =SUM(Regular!N12:N14) | C7: orders | E7: Regular Green Tea Variety | F7: =B8
A8: REGULAR GREEN TEA GRAMS | B8: =SUM(Regular!P12:P14) | C8: g | E8: Large Green Tea Variety | F8: =B12
A9: LARGE MATCHA ORDERS | B9: =SUM(Large!M5:M11) | C9: orders | E9: Coffee Creation | F9: =B18
A10: LARGE MATCHA GRAMS | B10: =SUM(Large!O5:O11) | C10: g
A11: LARGE GREEN TEA ORDERS | B11: =SUM(Large!M12:M14) | C11: orders | E11: Category | F11: Orders
A12: LARGE GREEN TEA GRAMS | B12: =SUM(Large!O12:O14) | C12: g | E12: Regular Matcha | F12: =B5
A13: ALL MATCHA ORDERS | B13: =B5+B9 | C13: orders | E13: Large Matcha | F13: =B9
A14: ALL MATCHA GRAMS | B14: =B6+B10 | C14: g | E14: Regular Green Tea Variety | F14: =B7
A15: ALL GREEN TEA ORDERS | B15: =B7+B11 | C15: orders | E15: Large Green Tea Variety | F15: =B11
A16: ALL GREEN TEA GRAMS | B16: =B8+B12 | C16: g | E16: Coffee Creation | F16: =B17
A17: ALL COFFEE ORDERS | B17: =Coffee!B18 | C17: orders
A18: ALL COFFEE GRAMS | B18: =Coffee!D21 | C18: g
A19: USUCHA ORDERS (REGULAR) | B19: =SUM(Regular!M5:M14) | C19: orders
A20: USUCHA POWDER GRAMS | B20: =B19*3 | C20: g
A21: PASTRY QUANTITY | B21: =Pastry!B7 | C21: items
A23: TOTAL MATCHA GRAMS | B23: =B14 | C23: g
A24: TOTAL GREEN TEA GRAMS | B24: =B16 | C24: g
A25: TOTAL COFFEE GRAMS | B25: =B18 | C25: g

Sheet Regular
A1: YDG BANAWA — REGULAR ORDER COUNTER
A2: Enter order counts in yellow cells. Totals and powder grams calculate automatically.
A4: POWDER / BASE | B4: L | C4: C | D4: SS | E4: M | F4: B | G4: SC | H4: SM | I4: T | J4: TF | K4: CF | L4: YL | M4: U | N4: TOTAL ORDERS | O4: GRAMS PER ORDER | P4: TOTAL GRAMS
A5: SHIZU MIDORI | B5: 0 | C5: 0 | D5: 0 | E5: 0 | F5: 0 | G5: 0 | H5: 0 | I5: 0 | J5: 0 | K5: 0 | L5: 0 | M5: 0 | N5: =SUM(B5:M5) | O5: 4 | P5: =(SUM(B5:L5))*O5+M5*3
A6: YABUKITA | B6: 0 | C6: 0 | D6: 0 | E6: 0 | F6: 0 | G6: 0 | H6: 0 | I6: 0 | J6: 0 | K6: 0 | L6: 0 | M6: 0 | N6: =SUM(B6:M6) | O6: 4 | P6: =(SUM(B6:L6))*O6+M6*3
A7: OKUMIDORI | B7: 0 | C7: 0 | D7: 0 | E7: 0 | F7: 0 | G7: 0 | H7: 0 | I7: 0 | J7: 0 | K7: 0 | L7: 0 | M7: 0 | N7: =SUM(B7:M7) | O7: 4 | P7: =(SUM(B7:L7))*O7+M7*3
A8: SUISEN | B8: 0 | C8: 0 | D8: 0 | E8: 0 | F8: 0 | G8: 0 | H8: 0 | I8: 0 | J8: 0 | K8: 0 | L8: 0 | M8: 0 | N8: =SUM(B8:M8) | O8: 4 | P8: =(SUM(B8:L8))*O8+M8*3
A9: BYAKUREN | B9: 0 | C9: 0 | D9: 0 | E9: 0 | F9: 0 | G9: 0 | H9: 0 | I9: 0 | J9: 0 | K9: 0 | L9: 0 | M9: 0 | N9: =SUM(B9:M9) | O9: 4 | P9: =(SUM(B9:L9))*O9+M9*3
A10: WAKATAKE | B10: 0 | C10: 0 | D10: 0 | E10: 0 | F10: 0 | G10: 0 | H10: 0 | I10: 0 | J10: 0 | K10: 0 | L10: 0 | M10: 0 | N10: =SUM(B10:M10) | O10: 4 | P10: =(SUM(B10:L10))*O10+M10*3
A11: AORASHI | B11: 0 | C11: 0 | D11: 0 | E11: 0 | F11: 0 | G11: 0 | H11: 0 | I11: 0 | J11: 0 | K11: 0 | L11: 0 | M11: 0 | N11: =SUM(B11:M11) | O11: 4 | P11: =(SUM(B11:L11))*O11+M11*3
A12: HOJICHA A | B12: 0 | C12: 0 | D12: 0 | E12: 0 | F12: 0 | G12: 0 | H12: 0 | I12: 0 | J12: 0 | K12: 0 | L12: 0 | M12: 0 | N12: =SUM(B12:M12) | O12: 5 | P12: =(SUM(B12:L12))*O12+M12*3
A13: HOJICHA B | B13: 0 | C13: 0 | D13: 0 | E13: 0 | F13: 0 | G13: 0 | H13: 0 | I13: 0 | J13: 0 | K13: 0 | L13: 0 | M13: 0 | N13: =SUM(B13:M13) | O13: 5 | P13: =(SUM(B13:L13))*O13+M13*3
A14: GENMAICHA | B14: 0 | C14: 0 | D14: 0 | E14: 0 | F14: 0 | G14: 0 | H14: 0 | I14: 0 | J14: 0 | K14: 0 | L14: 0 | M14: 0 | N14: =SUM(B14:M14) | O14: 6.5 | P14: =(SUM(B14:L14))*O14+M14*3
A15: TOTAL | B15: =SUM(B5:B14) | C15: =SUM(C5:C14) | D15: =SUM(D5:D14) | E15: =SUM(E5:E14) | F15: =SUM(F5:F14) | G15: =SUM(G5:G14) | H15: =SUM(H5:H14) | I15: =SUM(I5:I14) | ... N15: =SUM(N5:N14) | O15: — | P15: =SUM(P5:P14)

Sheet Large
A1: YDG BANAWA — LARGE ORDER COUNTER
A2: Enter order counts in yellow cells. Totals and powder grams calculate automatically.
A4: POWDER / BASE | B4: L | C4: C | D4: SS | E4: M | F4: B | G4: SC | H4: SM | I4: T | J4: TF | K4: CF | L4: YZ | M4: TOTAL ORDERS | N4: GRAMS PER ORDER | O4: TOTAL GRAMS
A5: SHIZU MIDORI | B5: 0 | C5: 0 | D5: 0 | E5: 0 | F5: 0 | G5: 0 | H5: 0 | I5: 0 | J5: 0 | K5: 0 | L5: 0 | M5: =SUM(B5:L5) | N5: 5.5 | O5: =M5*N5
A6: YABUKITA | B6: 0 | C6: 0 | D6: 0 | E6: 0 | F6: 0 | G6: 0 | H6: 0 | I6: 0 | J6: 0 | K6: 0 | L6: 0 | M6: =SUM(B6:L6) | N6: 5.5 | O6: =M6*N6
A7: OKUMIDORI | B7: 0 | C7: 0 | D7: 0 | E7: 0 | F7: 0 | G7: 0 | H7: 0 | I7: 0 | J7: 0 | K7: 0 | L7: 0 | M7: =SUM(B7:L7) | N7: 5.5 | O7: =M7*N7
A8: SUISEN | B8: 0 | C8: 0 | D8: 0 | E8: 0 | F8: 0 | G8: 0 | H8: 0 | I8: 0 | J8: 0 | K8: 0 | L8: 0 | M8: =SUM(B8:L8) | N8: 5.5 | O8: =M8*N8
A9: BYAKUREN | B9: 0 | C9: 0 | D9: 0 | E9: 0 | F9: 0 | G9: 0 | H9: 0 | I9: 0 | J9: 0 | K9: 0 | L9: 0 | M9: =SUM(B9:L9) | N9: 5.5 | O9: =M9*N9
A10: WAKATAKE | B10: 0 | C10: 0 | D10: 0 | E10: 0 | F10: 0 | G10: 0 | H10: 0 | I10: 0 | J10: 0 | K10: 0 | L10: 0 | M10: =SUM(B10:L10) | N10: 5.5 | O10: =M10*N10
A11: AORASHI | B11: 0 | C11: 0 | D11: 0 | E11: 0 | F11: 0 | G11: 0 | H11: 0 | I11: 0 | J11: 0 | K11: 0 | L11: 0 | M11: =SUM(B11:L11) | N11: 5.5 | O11: =M11*N11
A12: HOJICHA A | B12: 0 | C12: 0 | D12: 0 | E12: 0 | F12: 0 | G12: 0 | H12: 0 | I12: 0 | J12: 0 | K12: 0 | L12: 0 | M12: =SUM(B12:L12) | N12: 6.5 | O12: =M12*N12
A13: HOJICHA B | B13: 0 | C13: 0 | D13: 0 | E13: 0 | F13: 0 | G13: 0 | H13: 0 | I13: 0 | J13: 0 | K13: 0 | L13: 0 | M13: =SUM(B13:L13) | N13: 6.5 | O13: =M13*N13
A14: GENMAICHA | B14: 0 | C14: 0 | D14: 0 | E14: 0 | F14: 0 | G14: 0 | H14: 0 | I14: 0 | J14: 0 | K14: 0 | L14: 0 | M14: =SUM(B14:L14) | N14: 8.5 | O14: =M14*N14
A15: TOTAL | B15: =SUM(B5:B14) | C15: =SUM(C5:C14) | D15: =SUM(D5:D14) | E15: =SUM(E5:E14) | F15: =SUM(F5:F14) | G15: =SUM(G5:G14) | H15: =SUM(H5:H14) | I15: =SUM(I5:I14) | ... M15: =SUM(M5:M14) | N15: — | O15: =SUM(O5:O14)

Sheet Coffee
A1: YDG BANAWA — COFFEE ORDER COUNTER
A2: Enter order counts in yellow cells. Each coffee order uses 18 g of beans.
A4: COFFEE | B4: TOTAL NO. OF ORDERS | C4: GRAMS PER ORDER | D4: TOTAL GRAMS
A5: ESPRESSO | B5: 0 | C5: 18 | D5: =B5*C5
A6: DOPPIO | B6: 0 | C6: 18 | D6: =B6*C6
A7: AMERICANO | B7: 0 | C7: 18 | D7: =B7*C7
A8: LONG BLACK | B8: 0 | C8: 18 | D8: =B8*C8
A9: LATTE | B9: 0 | C9: 18 | D9: =B9*C9
A10: CAPPUCCINO | B10: 0 | C10: 18 | D10: =B10*C10
A11: FLAT WHITE | B11: 0 | C11: 18 | D11: =B11*C11
A12: HONEYCOMB LATTE | B12: 0 | C12: 18 | D12: =B12*C12
A13: SEASALT CREAM | B13: 0 | C13: 18 | D13: =B13*C13
A14: BLACK SESAME CREAM | B14: 0 | C14: 18 | D14: =B14*C14
A15: TIRAMISU LATTE | B15: 0 | C15: 18 | D15: =B15*C15
A16: COCOA CREAM | B16: 0 | C16: 18 | D16: =B16*C16
A17: BARISTA'S DRINK | B17: 0 | C17: 18 | D17: =B17*C17
A18: TOTAL COFFEE ORDERS | B18: =SUM(B5:B17) | C18: — | D18: =SUM(D5:D17)
A20: CALIBRATION SHOTS | B20: 0 | C20: 18 | D20: =B20*C20
A21: TOTAL BEANS INCLUDING CALIBRATION | D21: =D18+D20

Sheet Pastry
A1: YDG BANAWA — PASTRY ORDER COUNTER
A2: Enter quantities in yellow cells.
A4: PASTRY | B4: TOTAL ORDERS
A5: CLASSIC BURNT BASQUE CHEESECAKE | B5: 0
A6: CHOCOLATE CHIP COOKIE | B6: 0
A7: TOTAL PASTRIES | B7: =SUM(B5:B6)

Sheet Instructions
A1: HOW TO USE THE YDG COUNTER
A3: 1. Regular, Large, Coffee, and Pastry each have a separate tab.
A4: 2. Enter counts only in the yellow cells.
A5: 3. Regular: U is Usucha. Do not enter Usucha as another powder row; each U count uses 3 g.
A6: 4. Regular totals now calculate as: (all non-U orders × powder ratio) + (U orders × 3 g).
A7: 5. Large totals calculate as total orders × the Large powder ratio.
A8: 6. Coffee beans calculate as coffee orders × 18 g, plus calibration shots × 18 g.
A9: 7. The Dashboard links to the total rows on each sheet. The total row does not sum the grams-per-order column, so it won't show a misleading ratio sum.
A10: 8. Total tea grams are powder grams only, matching the uploaded YDG sample. Add-on topping grams are not included in powder totals.
